timestamp,hvac_kwh,lighting_kwh,machinery_kwh,plug_load_kwh,temperature_c,occupancy
2026-03-10 00:00,2.2,0.8,0.5,0.6,24.3,0
2026-03-10 01:00,2.1,0.8,0.5,0.6,23.9,0
2026-03-10 02:00,2.0,0.8,0.5,0.6,23.5,0
2026-03-10 03:00,6.9,0.9,0.6,0.7,23.2,0
2026-03-10 04:00,6.5,0.8,0.5,0.6,23.1,0
2026-03-10 05:00,2.3,1.0,0.6,0.7,23.5,2
2026-03-10 06:00,2.7,1.7,1.3,1.1,24.4,9
2026-03-10 07:00,3.5,2.9,3.6,2.1,25.9,24
2026-03-10 08:00,4.7,3.5,7.0,3.2,27.6,47
2026-03-10 09:00,5.9,3.7,9.1,3.7,29.4,64
2026-03-10 10:00,7.1,3.8,9.8,3.9,31.2,69
2026-03-10 11:00,8.9,3.9,14.6,4.4,32.6,72
