received_at,timestamp,total_kwh,expected_kwh,deviation_kwh,deviation_pct,sigma_score,tariff_slab,total_cost,demand_penalty,co2_kg,status,reason,findings,action
01:16:21,2026-03-10 00:00:00,4.1,3.92,0.18,4.6,0.36,OFF-PEAK,33.32,0.0,3.36,NORMAL,within the expected band,,No action required
01:16:21,2026-03-10 01:00:00,4.0,3.58,0.42,11.9,0.85,OFF-PEAK,32.8,0.0,3.28,NORMAL,within the expected band,,No action required
01:16:21,2026-03-10 02:00:00,3.9,3.48,0.42,12.2,0.85,OFF-PEAK,32.28,0.0,3.2,NORMAL,within the expected band,,No action required
01:16:21,2026-03-10 03:00:00,9.1,3.62,5.48,151.1,11.02,OFF-PEAK,59.32,0.0,7.46,ALERT,rule finding confirmed by the forecast model,HVAC drawing 6.9 kWh with 0 people present - suspected stuck damper or thermostat,Dispatch technician to inspect the HVAC unit now
01:16:21,2026-03-10 04:00:00,8.4,4.01,4.39,109.6,8.84,OFF-PEAK,55.68,0.0,6.89,ALERT,rule finding confirmed by the forecast model,HVAC drawing 6.5 kWh with 0 people present - suspected stuck damper or thermostat,Dispatch technician to inspect the HVAC unit now
01:16:21,2026-03-10 05:00:00,4.6,5.0,-0.4,-8.0,-0.81,OFF-PEAK,35.92,0.0,3.77,NORMAL,within the expected band,,No action required
01:16:21,2026-03-10 06:00:00,6.8,7.19,-0.39,-5.4,-0.79,NORMAL,63.0,0.0,5.58,NORMAL,within the expected band,,No action required
01:16:21,2026-03-10 07:00:00,12.1,11.14,0.96,8.6,1.93,NORMAL,102.75,0.0,9.92,NORMAL,within the expected band,,No action required
01:16:21,2026-03-10 08:00:00,18.4,18.1,0.3,1.7,0.6,NORMAL,150.0,0.0,15.09,NORMAL,within the expected band,,No action required
01:16:21,2026-03-10 09:00:00,22.4,22.51,-0.11,-0.5,-0.23,PEAK,253.92,0.0,18.37,NORMAL,within the expected band,,No action required
01:16:21,2026-03-10 10:00:00,24.6,24.37,0.23,1.0,0.47,PEAK,277.68,0.0,20.17,NORMAL,within the expected band,,No action required
01:16:22,2026-03-10 11:00:00,31.8,25.69,6.11,23.8,12.29,PEAK,661.44,306.0,26.08,ALERT,rule finding confirmed by the forecast model,Demand 31.8 kWh exceeds the contracted 25 kWh - penalty applies | Heavy machinery running inside the peak tariff window - consider shifting this batch to off-peak,Reschedule the machinery batch to the off-peak window after 22:00
